<configs>
	<append xpath="/blocks">
		<block name="Poster01">
			<property name="CustomIcon" value="Poster01" />
			<property name="Material" value="Mpaper" />
			<property name="Shape" value="ModelEntity" />
			<property name="Model" value="#@modfolder:Resources/assets.unity3d?Posters/PosterPrefab01" />
			<property name="Place" value="TowardsPlacerInverted"/>
			<property name="CanPickup" value="true" />
			<property name="Collide" value="sight,movement,melee,bullet,arrow,rocket" />
			<drop event="Destroy" count="0" />
			<drop event="Destroy" name="paper" count="1" prob="1" />
			<drop event="Fall" name="paper" count="0" prob="1" stick_chance="1" />
			<drop event="Fall" name="paper" count="1" prob=".75" stick_chance="1" />
		</block>	
		<block name="Poster02">
			<property name="Extends" value="Poster01"/>			
			<property name="CustomIcon" value="Poster02" />
			<property name="Shape" value="ModelEntity" />
			<property name="Model" value="#@modfolder:Resources/assets.unity3d?Posters/PosterPrefab02" />
		</block>	
		<block name="Poster03">
			<property name="Extends" value="Poster01"/>		
			<property name="CustomIcon" value="Poster03" />	
			<property name="Shape" value="ModelEntity" />
			<property name="Model" value="#@modfolder:Resources/assets.unity3d?Posters/PosterPrefab03" />
		</block>	
		<block name="Poster04">
			<property name="Extends" value="Poster01"/>		
			<property name="CustomIcon" value="Poster04" />	
			<property name="Shape" value="ModelEntity" />
			<property name="Model" value="#@modfolder:Resources/assets.unity3d?Posters/PosterPrefab04" />
		</block>	
		<block name="Poster05">
			<property name="Extends" value="Poster01"/>	
			<property name="CustomIcon" value="Poster05" />		
			<property name="Shape" value="ModelEntity" />
			<property name="Model" value="#@modfolder:Resources/assets.unity3d?Posters/PosterPrefab05" />
		</block>	
		<block name="Poster06">
			<property name="Extends" value="Poster01"/>		
			<property name="CustomIcon" value="Poster06" />	
			<property name="Shape" value="ModelEntity" />
			<property name="MultiBlockDim" value="2,1,1" />
			<property name="Model" value="#@modfolder:Resources/assets.unity3d?Posters/PosterPrefab06" />
		</block>	
		
		<block name="Flag Bunny Brigade">
			<property name="Material" value="Mmetal"/>
			<property name="DisplayType" value="blockMulti" />
			<property name="MultiBlockDim" value="1,5,1"/>
			<property name="IsTerrainDecoration" value="true"/>
			<property name="Path" value="solid"/>
			<property name="StabilitySupport" value="false"/>
			<property name="OnlySimpleRotations" value="true"/> 
			<property name="CanPickup" value="true" /> 
			<property name="Collide" value="movement,melee,bullet,arrow,rocket"/>
			<drop event="Harvest" name="terrStone" count="0" tool_category="Disassemble"/>
			<drop event="Harvest" name="resourceMetalPipe" count="4,8" tag="salvageHarvest"/>
			<drop event="Harvest" name="resourceScrapIron" count="2,5" tag="allHarvest"/>
			<drop event="Destroy" name="resourceScrapIron" count="2,5"/>
			<drop event="Fall" name="scrapMetalPile" count="1" prob="0.75" stick_chance="1"/>
			<property name="DescriptionKey" value="decorativeBlockGroupDesc"/> 
			<property name="Shape" value="ModelEntity" />
			<property name="Model" value="#@modfolder:Resources/assets.unity3d?FlagBunny" />
			<property name="CustomIcon" value="FlagBunnyBrigade" />
		</block>
		<block name="Flag Precious Family">
			<property name="Extends" value="Flag Bunny Brigade"/>			
			<property name="Shape" value="ModelEntity" />
			<property name="Model" value="#@modfolder:Resources/assets.unity3d?FlagMousey" />
			<property name="CustomIcon" value="FlagPreciousFamily" />
		</block>	
		
		
		
		<block name="OGTexas Plushie">
			<property name="Material" value="Mcloth"/>
			<property name="IsTerrainDecoration" value="true"/>
			<property name="Path" value="solid"/>
			<property name="StabilitySupport" value="false"/>
			<property name="Place" value="TowardsPlacerInverted"/>
			<property name="OnlySimpleRotations" value="true"/> 
			<property name="CanPickup" value="true" /> 
			<property name="Collide" value="movement,melee,bullet,arrow,rocket"/>
			<drop event="Destroy" name="resourceCloth" count="1,3" prob="1"/>
			<property name="DescriptionKey" value="decorativeBlockGroupDesc"/> 
			<property name="Shape" value="ModelEntity" />
			<property name="Model" value="#@modfolder:Resources/assets.unity3d?OGteddy.prefab" />
			<property name="CustomIcon" value="OGTexas Plushie" />
		</block>
		<block name="imo_plushie_block">
			<property name="Material" value="Mcloth"/>
			<property name="IsTerrainDecoration" value="true"/>
			<property name="Path" value="solid"/>
			<property name="StabilitySupport" value="false"/>
			<property name="Place" value="TowardsPlacerInverted"/>
			<property name="OnlySimpleRotations" value="true"/> 
			<property name="CanPickup" value="true" param1="Ironmouse Plushie"/>
			<property name="Collide" value="movement,melee,bullet,arrow,rocket"/>
			<drop event="Destroy" name="resourceCloth" count="1,3" prob="1"/>
			<property name="DescriptionKey" value="decorativeBlockGroupDesc"/> 
			<property name="Shape" value="ModelEntity" />
			<property name="Model" value="#@modfolder:Resources/assets.unity3d?MouseyPlush.prefab" />
			<property name="CustomIcon" value="Ironmouse Plushie" />
		</block>
		<block name="Bunny_gif Plushie">
			<property name="Material" value="Mcloth"/>
			<property name="IsTerrainDecoration" value="true"/>
			<property name="Path" value="solid"/>
			<property name="StabilitySupport" value="false"/>
			<property name="Place" value="TowardsPlacerInverted"/>
			<property name="OnlySimpleRotations" value="true"/> 
			<property name="CanPickup" value="true" /> 
			<property name="Collide" value="movement,melee,bullet,arrow,rocket"/>
			<drop event="Destroy" name="resourceCloth" count="1,3" prob="1"/>
			<property name="DescriptionKey" value="decorativeBlockGroupDesc"/> 
			<property name="Shape" value="ModelEntity" />
			<property name="Model" value="#@modfolder:Resources/assets.unity3d?BunnyPlush.prefab" />
			<property name="CustomIcon" value="Bunny_gif Plushie" />
		</block>
		<block name="Zentreya Plushie">
			<property name="Material" value="Mcloth"/>
			<property name="IsTerrainDecoration" value="true"/>
			<property name="Path" value="solid"/>
			<property name="StabilitySupport" value="false"/>
			<property name="Place" value="TowardsPlacerInverted"/>
			<property name="OnlySimpleRotations" value="true"/> 
			<property name="CanPickup" value="true" /> 
			<property name="Collide" value="movement,melee,bullet,arrow,rocket"/>
			<drop event="Destroy" name="resourceCloth" count="1,3" prob="1"/>
			<property name="DescriptionKey" value="decorativeBlockGroupDesc"/> 
			<property name="Shape" value="ModelEntity" />
			<property name="Model" value="#@modfolder:Resources/assets.unity3d?ZentreyaPlush.prefab" />
			<property name="CustomIcon" value="Zentreya Plushie" />
		</block>
		<block name="ProjektMelody Plushie">
			<property name="Material" value="Mcloth"/>
			<property name="IsTerrainDecoration" value="true"/>
			<property name="Path" value="solid"/>
			<property name="StabilitySupport" value="false"/>
			<property name="Place" value="TowardsPlacerInverted"/>
			<property name="OnlySimpleRotations" value="true"/> 
			<property name="CanPickup" value="true" /> 
			<property name="Collide" value="movement,melee,bullet,arrow,rocket"/>
			<drop event="Destroy" name="resourceCloth" count="1,3" prob="1"/>
			<property name="DescriptionKey" value="decorativeBlockGroupDesc"/> 
			<property name="Shape" value="ModelEntity" />
			<property name="Model" value="#@modfolder:Resources/assets.unity3d?MelodyPlush.prefab" />
			<property name="CustomIcon" value="ProjektMelody Plushie" />
		</block>
		<block name="Silvervale Plushie">
			<property name="Material" value="Mcloth"/>
			<property name="IsTerrainDecoration" value="true"/>
			<property name="Path" value="solid"/>
			<property name="StabilitySupport" value="false"/>
			<property name="Place" value="TowardsPlacerInverted"/>
			<property name="OnlySimpleRotations" value="true"/> 
			<property name="CanPickup" value="true" /> 
			<property name="Collide" value="movement,melee,bullet,arrow,rocket"/>
			<drop event="Destroy" name="resourceCloth" count="1,3" prob="1"/>
			<property name="DescriptionKey" value="decorativeBlockGroupDesc"/> 
			<property name="Shape" value="ModelEntity" />
			<property name="Model" value="#@modfolder:Resources/assets.unity3d?SilvervalePlush.prefab" />
			<property name="CustomIcon" value="Silvervale Plushie" />
		</block>
	</append>
</configs>