
<config>
<append xpath="/items">
<item name="Ironmouse Plushie">
	<property name="CustomIcon" value="Ironmouse Plushie" />
	<property name="Tags" value="weapon,ranged,gun,magazine,admin"/>
	<property name="HoldType" value="21"/>
	<property name="Meshfile" value="#@modfolder:Resources/assets.unity3d?holdmouseyplush.prefab"/>
	<property name="Material" value="MelectricParts"/>
	<property name="Weight" value="0"/>
	<property name="DegradationBreaksAfter" value="true"/>
	<property name="CrosshairUpAfterShot" value="false"/>
	<property name="CrosshairOnAim" value="true"/>
	<property name="ShowQuality" value="false"/>
	<property name="Stacknumber" value="1"/>
	<property name="SellableToTrader" value="false"/>
	<property name="Class" value="ItemClassToggle"/>
	<property class="Action0">
		<requirement name="CVarCompare" cvar="_underwater" operation="LT" value=".98"/>
		<property name="Class" value="Ranged"/>
		<property name="Hitmask_override" value="Melee"/>
		<property name="Delay" value=".150"/>
		<property name="Range" value="1"/>
		<property name="Single_magazine_usage" value="true"/>
		<property name="Infinite_ammo" value="true"/>
		<property name="Reload_time" value="3.0"/>
		<property name="Sound_start" value="MouseyTalk"/>
		<property name="Sound_repeat" value="MouseyTalk"/>
		<property name="Sound_end" value=""/>
		<property name="Sound_empty" value=""/>
		<property name="Sound_reload" value=""/>
	</property>
	<property class="Action1">
		<property name="Class" value="PlaceAsBlock"/>
		<property name="Delay" value=".5"/>
		<property name="Blockname" value="imo_plushie_block"/>
	</property>
	<effect_group tiered="false">
		<passive_effect name="RoundsPerMinute" operation="base_set" value="20"/>
		<passive_effect name="BurstRoundCount" operation="base_set" value="1"/>
		<passive_effect name="EntityDamage" operation="base_set" value="0"/>
		<passive_effect name="BlockDamage" operation="base_set" value="0"/>
		<passive_effect name="MaxRange" operation="base_set" value="0"/>
		<passive_effect name="SpreadDegreesVertical" operation="base_set" value="0"/>
		<passive_effect name="SpreadDegreesHorizontal" operation="base_set" value="0"/>
		<passive_effect name="SpreadMultiplierAiming" operation="base_set" value="0"/>
		<passive_effect name="SpreadMultiplierHip" operation="base_set" value="0"/>
		<passive_effect name="KickDegreesVerticalMin" operation="base_set" value="0"/>
		<passive_effect name="KickDegreesVerticalMax" operation="base_set" value="0"/>
		<passive_effect name="KickDegreesHorizontalMin" operation="base_set" value="0"/>
		<passive_effect name="KickDegreesHorizontalMax" operation="base_set" value="0"/>
		<passive_effect name="DegradationMax" operation="base_set" value="9999" tags="admin"/>
		<passive_effect name="DegradationPerUse" operation="base_set" value="0" tags="admin"/>
		<passive_effect name="ModSlots" operation="base_set" value="0"/>
	</effect_group>
</item>
</append>
</config>