<configs>
	<append xpath="/item_modifiers" >
		<item_modifier name="ShoulderBun" installable_tags="head" modifier_tags="rare" blocked_tags="clothing" type="attachment">
			<property name="CustomIcon" value="hair1"/>
			<property name="Stacknumber" value="1"/>
			<property name="Group" value="Mods"/>
			<property name="DropMeshfile" value="#Other/Items?Misc/sack_droppedPrefab.prefab"/>
			<property name="EconomicValue" value="440"/>
			<property name="DisplayType" value="clothing"/>
			<effect_group tiered="false">
				<triggered_effect trigger="onSelfEquipStart" action="AddPart" part="ShoulderBun" prefab="#@modfolder:Resources/assets.unity3d?BunnyAttach.prefab" parentTransform="Hips/LowerBack/Spine/Spine1/RightShoulder" localPos="0,0,0" localRot="0,0,0"/>
				<triggered_effect trigger="onSelfEquipStop" action="RemovePart" part="ShoulderBun"/>
			</effect_group>
		</item_modifier>
		<item_modifier name="ShoulderImo" installable_tags="head" modifier_tags="rare" blocked_tags="clothing" type="attachment">
			<property name="CustomIcon" value="hair1"/>
			<property name="Stacknumber" value="1"/>
			<property name="Group" value="Mods"/>
			<property name="DropMeshfile" value="#Other/Items?Misc/sack_droppedPrefab.prefab"/>
			<property name="EconomicValue" value="440"/>
			<property name="DisplayType" value="clothing"/>
			<effect_group tiered="false">
				<triggered_effect trigger="onSelfEquipStart" action="AddPart" part="ShoulderBun" prefab="#@modfolder:Resources/assets.unity3d?MouseyAttach.prefab" parentTransform="Hips/LowerBack/Spine/Spine1/RightShoulder" localPos="0,0,0" localRot="0,0,0"/>
				<triggered_effect trigger="onSelfEquipStop" action="RemovePart" part="ShoulderBun"/>
			</effect_group>
		</item_modifier>
	</append>
</configs>