<configs>
	<append xpath="/recipes" >
		<recipe name="Flag Bunny Brigade" count="1" craft_area="workbench" >
			<ingredient name="resourceMetalPipe" count="10"/>
			<ingredient name="resourceDuctTape" count="1"/>
			<ingredient name="resourceGlue" count="2"/>
			<ingredient name="resourcePaint" count="1"/>
			<ingredient name="resourceCloth" count="5"/>
		</recipe>
		<recipe name="Flag Precious Family" count="1" craft_area="workbench" >
			<ingredient name="resourceMetalPipe" count="10"/>
			<ingredient name="resourceDuctTape" count="1"/>
			<ingredient name="resourceGlue" count="2"/>
			<ingredient name="resourcePaint" count="1"/>
			<ingredient name="resourceCloth" count="5"/>
		</recipe>
		<recipe name="Ironmouse Plushie" count="1" >
			<ingredient name="resourceSewingKit" count="1"/>
			<ingredient name="resourcePaint" count="1"/>
			<ingredient name="resourceCloth" count="1"/>
			<ingredient name="resourceCropCottonPlant" count="1"/>
		</recipe>
		<recipe name="Bunny_gif Plushie" count="1" >
			<ingredient name="resourceSewingKit" count="1"/>
			<ingredient name="resourcePaint" count="1"/>
			<ingredient name="resourceCloth" count="1"/>
			<ingredient name="resourceCropCottonPlant" count="1"/>
		</recipe>
		<recipe name="OGTexas Plushie" count="1" >
			<ingredient name="resourceSewingKit" count="1"/>
			<ingredient name="resourcePaint" count="1"/>
			<ingredient name="resourceCloth" count="1"/>
			<ingredient name="resourceCropCottonPlant" count="1"/>
		</recipe>
		<recipe name="Zentreya Plushie" count="1" >
			<ingredient name="resourceSewingKit" count="1"/>
			<ingredient name="resourcePaint" count="1"/>
			<ingredient name="resourceCloth" count="1"/>
			<ingredient name="resourceCropCottonPlant" count="1"/>
		</recipe>
		<recipe name="ProjektMelody Plushie" count="1" >
			<ingredient name="resourceSewingKit" count="1"/>
			<ingredient name="resourcePaint" count="1"/>
			<ingredient name="resourceCloth" count="1"/>
			<ingredient name="resourceCropCottonPlant" count="1"/>
		</recipe>
		<recipe name="Silvervale Plushie" count="1" >
			<ingredient name="resourceSewingKit" count="1"/>
			<ingredient name="resourcePaint" count="1"/>
			<ingredient name="resourceCloth" count="1"/>
			<ingredient name="resourceCropCottonPlant" count="1"/>
		</recipe>
		<recipe name="Poster01" count="1" >
			<ingredient name="resourcePaint" count="1"/>
			<ingredient name="resourcePaper" count="1"/>
			<ingredient name="resourceGlue" count="1"/>
		</recipe>
		<recipe name="Poster02" count="1" >
			<ingredient name="resourcePaint" count="1"/>
			<ingredient name="resourcePaper" count="1"/>
			<ingredient name="resourceGlue" count="1"/>
		</recipe>
		<recipe name="Poster03" count="1" >
			<ingredient name="resourcePaint" count="1"/>
			<ingredient name="resourcePaper" count="1"/>
			<ingredient name="resourceGlue" count="1"/>
		</recipe>
		<recipe name="Poster04" count="1" >
			<ingredient name="resourcePaint" count="1"/>
			<ingredient name="resourcePaper" count="1"/>
			<ingredient name="resourceGlue" count="1"/>
		</recipe>
		<recipe name="Poster05" count="1" >
			<ingredient name="resourcePaint" count="1"/>
			<ingredient name="resourcePaper" count="1"/>
			<ingredient name="resourceGlue" count="1"/>
		</recipe>
		<recipe name="Poster06" count="1" >
			<ingredient name="resourcePaint" count="2"/>
			<ingredient name="resourcePaper" count="2"/>
			<ingredient name="resourceGlue" count="2"/>
		</recipe>
	</append>
</configs>