
<config>
<append xpath="/Sounds" >
<SoundDataNode name="MouseyTalk"> <AudioSource name="Sounds/AudioSource_Melee"/>
<Noise ID="2" noise="15" time="3" muffled_when_crouched="0.5"/>
<AudioClip ClipName="#@modfolder:Resources/assets.unity3d?mousey/aaaah"/>
<AudioClip ClipName="#@modfolder:Resources/assets.unity3d?mousey/araara1"/>
<AudioClip ClipName="#@modfolder:Resources/assets.unity3d?mousey/bubis"/>
<AudioClip ClipName="#@modfolder:Resources/assets.unity3d?mousey/caca"/>
<AudioClip ClipName="#@modfolder:Resources/assets.unity3d?mousey/frustrated"/>
<AudioClip ClipName="#@modfolder:Resources/assets.unity3d?mousey/fuckbarbra"/>
<AudioClip ClipName="#@modfolder:Resources/assets.unity3d?mousey/fuckmetothebeatofdespacito"/>
<AudioClip ClipName="#@modfolder:Resources/assets.unity3d?mousey/ha-hooo"/>
<AudioClip ClipName="#@modfolder:Resources/assets.unity3d?mousey/heyhey"/>
<AudioClip ClipName="#@modfolder:Resources/assets.unity3d?mousey/im200fttall"/>
<AudioClip ClipName="#@modfolder:Resources/assets.unity3d?mousey/laugh1"/>
<AudioClip ClipName="#@modfolder:Resources/assets.unity3d?mousey/laugh2"/>
<AudioClip ClipName="#@modfolder:Resources/assets.unity3d?mousey/laugh3"/>
<AudioClip ClipName="#@modfolder:Resources/assets.unity3d?mousey/laughevil"/>
<AudioClip ClipName="#@modfolder:Resources/assets.unity3d?mousey/longscream2"/>
<AudioClip ClipName="#@modfolder:Resources/assets.unity3d?mousey/ohnoo"/>
<AudioClip ClipName="#@modfolder:Resources/assets.unity3d?mousey/owowo"/>
<AudioClip ClipName="#@modfolder:Resources/assets.unity3d?mousey/rawr"/>
<AudioClip ClipName="#@modfolder:Resources/assets.unity3d?mousey/steponme"/>
<AudioClip ClipName="#@modfolder:Resources/assets.unity3d?mousey/vivacristo"/>
<AudioClip ClipName="#@modfolder:Resources/assets.unity3d?mousey/what-whatthefuck"/>
<AudioClip ClipName="#@modfolder:Resources/assets.unity3d?mousey/whoo"/>
<LowestPitch name="0.9"/> <HighestPitch name="1"/>
<LocalCrouchVolumeScale value="1.0"/> <CrouchNoiseScale value="0.5"/> <NoiseScale value="1"/> <MaxVoices value="10"/> <MaxRepeatRate value="0.15"/> </SoundDataNode>


</append>
</config>